#,FIB_CODE,FIB_DETAIL,ZOI_CODE,OVERLAP,PLAIN_ENGLISH,RECOMMENDATION
1,IN_POCKET_RISING,,IN_DEMAND_RISING,OVERLAP,"in pocket, rising + in demand, rising (same price)",BUY
2,IN_POCKET_RISING,,IN_DEMAND_FALLING,OVERLAP,"in pocket, rising + in demand, falling (same price)",CAUTION
3,IN_POCKET_RISING,,NEAR_ABOVE_DEMAND_RISING,OVERLAP,"in pocket, rising + just above demand, rising (same price)",BUY
4,IN_POCKET_RISING,,NEAR_ABOVE_DEMAND_RISING,POCKET_ABOVE,"in pocket, rising + just above demand, rising (pocket above zone)",BUY
5,IN_POCKET_RISING,,NEAR_ABOVE_DEMAND_FALLING,OVERLAP,"in pocket, rising + just above demand, falling (same price)",CAUTION
6,IN_POCKET_RISING,,NEAR_ABOVE_DEMAND_FALLING,POCKET_ABOVE,"in pocket, rising + just above demand, falling (pocket above zone)",CAUTION
7,IN_POCKET_RISING,,FAR_ABOVE_DEMAND,POCKET_ABOVE,"in pocket, rising + far above demand (pocket above zone)",CAUTION
8,IN_POCKET_RISING,,RECOVERED_INTO_DEMAND_RISING,OVERLAP,"in pocket, rising + recovered into demand (same price)",BUY
9,IN_POCKET_RISING,,RECOVERED_ABOVE_DEMAND_RISING,OVERLAP,"in pocket, rising + recovered above demand (same price)",BUY
10,IN_POCKET_RISING,,RECOVERED_ABOVE_DEMAND_RISING,POCKET_ABOVE,"in pocket, rising + recovered above demand (pocket above zone)",BUY
11,IN_POCKET_RISING,,BROKE_BELOW_DEMAND,OVERLAP,"in pocket, rising + broke below demand (same price)",CAUTION
12,IN_POCKET_RISING,,BROKE_BELOW_DEMAND,POCKET_BELOW,"in pocket, rising + broke below demand (pocket below zone)",CAUTION
13,IN_POCKET_RISING,,STACKED_DEMAND_RISING,OVERLAP,"in pocket, rising + stacked demand, rising (same price)",BUY
14,IN_POCKET_RISING,,IN_SUPPLY,OVERLAP,"in pocket, rising + in supply (same price)",AVOID
15,IN_POCKET_RISING,,NEAR_BELOW_SUPPLY,OVERLAP,"in pocket, rising + just below supply (same price)",AVOID
16,IN_POCKET_RISING,,NEAR_BELOW_SUPPLY,POCKET_BELOW,"in pocket, rising + just below supply (pocket below zone)",CAUTION
17,IN_POCKET_RISING,,FAR_BELOW_SUPPLY,POCKET_BELOW,"in pocket, rising + supply far overhead (pocket below zone)",BUY
18,IN_POCKET_RISING,,BROKE_ABOVE_SUPPLY_RISING,OVERLAP,"in pocket, rising + broke above supply, rising (same price)",BUY
19,IN_POCKET_RISING,,BROKE_ABOVE_SUPPLY_RISING,POCKET_ABOVE,"in pocket, rising + broke above supply, rising (pocket above zone)",BUY
20,IN_POCKET_RISING,,BROKE_ABOVE_SUPPLY_FALLING,OVERLAP,"in pocket, rising + broke above supply, falling (same price)",AVOID
21,IN_POCKET_RISING,,BROKE_ABOVE_SUPPLY_FALLING,POCKET_ABOVE,"in pocket, rising + broke above supply, falling (pocket above zone)",CAUTION
22,IN_POCKET_RISING,,FAR_ABOVE_SUPPLY,POCKET_ABOVE,"in pocket, rising + far above broken supply (pocket above zone)",CAUTION
23,IN_POCKET_RISING,,BETWEEN_ZONES,NO_ZONE,"in pocket, rising + no zone nearby (no zone)",BUY
24,IN_POCKET_RISING,recovered from swing low,IN_DEMAND_RISING,OVERLAP,"recovered from swing low into pocket, rising + in demand, rising (same price)",BUY
25,IN_POCKET_RISING,recovered from swing low,IN_DEMAND_FALLING,OVERLAP,"recovered from swing low into pocket, rising + in demand, falling (same price)",CAUTION
26,IN_POCKET_RISING,recovered from swing low,NEAR_ABOVE_DEMAND_RISING,OVERLAP,"recovered from swing low into pocket, rising + just above demand, rising (same price)",BUY
27,IN_POCKET_RISING,recovered from swing low,NEAR_ABOVE_DEMAND_RISING,POCKET_ABOVE,"recovered from swing low into pocket, rising + just above demand, rising (pocket above zone)",BUY
28,IN_POCKET_RISING,recovered from swing low,NEAR_ABOVE_DEMAND_FALLING,OVERLAP,"recovered from swing low into pocket, rising + just above demand, falling (same price)",CAUTION
29,IN_POCKET_RISING,recovered from swing low,NEAR_ABOVE_DEMAND_FALLING,POCKET_ABOVE,"recovered from swing low into pocket, rising + just above demand, falling (pocket above zone)",CAUTION
30,IN_POCKET_RISING,recovered from swing low,FAR_ABOVE_DEMAND,POCKET_ABOVE,"recovered from swing low into pocket, rising + far above demand (pocket above zone)",CAUTION
31,IN_POCKET_RISING,recovered from swing low,RECOVERED_INTO_DEMAND_RISING,OVERLAP,"recovered from swing low into pocket, rising + recovered into demand (same price)",BUY
32,IN_POCKET_RISING,recovered from swing low,RECOVERED_ABOVE_DEMAND_RISING,OVERLAP,"recovered from swing low into pocket, rising + recovered above demand (same price)",BUY
33,IN_POCKET_RISING,recovered from swing low,RECOVERED_ABOVE_DEMAND_RISING,POCKET_ABOVE,"recovered from swing low into pocket, rising + recovered above demand (pocket above zone)",BUY
34,IN_POCKET_RISING,recovered from swing low,BROKE_BELOW_DEMAND,OVERLAP,"recovered from swing low into pocket, rising + broke below demand (same price)",CAUTION
35,IN_POCKET_RISING,recovered from swing low,BROKE_BELOW_DEMAND,POCKET_BELOW,"recovered from swing low into pocket, rising + broke below demand (pocket below zone)",CAUTION
36,IN_POCKET_RISING,recovered from swing low,STACKED_DEMAND_RISING,OVERLAP,"recovered from swing low into pocket, rising + stacked demand, rising (same price)",BUY
37,IN_POCKET_RISING,recovered from swing low,IN_SUPPLY,OVERLAP,"recovered from swing low into pocket, rising + in supply (same price)",AVOID
38,IN_POCKET_RISING,recovered from swing low,NEAR_BELOW_SUPPLY,OVERLAP,"recovered from swing low into pocket, rising + just below supply (same price)",AVOID
39,IN_POCKET_RISING,recovered from swing low,NEAR_BELOW_SUPPLY,POCKET_BELOW,"recovered from swing low into pocket, rising + just below supply (pocket below zone)",CAUTION
40,IN_POCKET_RISING,recovered from swing low,FAR_BELOW_SUPPLY,POCKET_BELOW,"recovered from swing low into pocket, rising + supply far overhead (pocket below zone)",BUY
41,IN_POCKET_RISING,recovered from swing low,BROKE_ABOVE_SUPPLY_RISING,OVERLAP,"recovered from swing low into pocket, rising + broke above supply, rising (same price)",BUY
42,IN_POCKET_RISING,recovered from swing low,BROKE_ABOVE_SUPPLY_RISING,POCKET_ABOVE,"recovered from swing low into pocket, rising + broke above supply, rising (pocket above zone)",BUY
43,IN_POCKET_RISING,recovered from swing low,BROKE_ABOVE_SUPPLY_FALLING,OVERLAP,"recovered from swing low into pocket, rising + broke above supply, falling (same price)",AVOID
44,IN_POCKET_RISING,recovered from swing low,BROKE_ABOVE_SUPPLY_FALLING,POCKET_ABOVE,"recovered from swing low into pocket, rising + broke above supply, falling (pocket above zone)",CAUTION
45,IN_POCKET_RISING,recovered from swing low,FAR_ABOVE_SUPPLY,POCKET_ABOVE,"recovered from swing low into pocket, rising + far above broken supply (pocket above zone)",CAUTION
46,IN_POCKET_RISING,recovered from swing low,BETWEEN_ZONES,NO_ZONE,"recovered from swing low into pocket, rising + no zone nearby (no zone)",BUY
47,IN_POCKET_FALLING,,IN_DEMAND_RISING,OVERLAP,"in pocket, falling + in demand, rising (same price)",WATCH
48,IN_POCKET_FALLING,,IN_DEMAND_FALLING,OVERLAP,"in pocket, falling + in demand, falling (same price)",WAIT
49,IN_POCKET_FALLING,,NEAR_ABOVE_DEMAND_RISING,OVERLAP,"in pocket, falling + just above demand, rising (same price)",WATCH
50,IN_POCKET_FALLING,,NEAR_ABOVE_DEMAND_RISING,POCKET_ABOVE,"in pocket, falling + just above demand, rising (pocket above zone)",WATCH
51,IN_POCKET_FALLING,,NEAR_ABOVE_DEMAND_FALLING,OVERLAP,"in pocket, falling + just above demand, falling (same price)",WAIT
52,IN_POCKET_FALLING,,NEAR_ABOVE_DEMAND_FALLING,POCKET_ABOVE,"in pocket, falling + just above demand, falling (pocket above zone)",WAIT
53,IN_POCKET_FALLING,,FAR_ABOVE_DEMAND,POCKET_ABOVE,"in pocket, falling + far above demand (pocket above zone)",WAIT
54,IN_POCKET_FALLING,,RECOVERED_INTO_DEMAND_RISING,OVERLAP,"in pocket, falling + recovered into demand (same price)",WATCH
55,IN_POCKET_FALLING,,RECOVERED_ABOVE_DEMAND_RISING,OVERLAP,"in pocket, falling + recovered above demand (same price)",WATCH
56,IN_POCKET_FALLING,,RECOVERED_ABOVE_DEMAND_RISING,POCKET_ABOVE,"in pocket, falling + recovered above demand (pocket above zone)",WATCH
57,IN_POCKET_FALLING,,BROKE_BELOW_DEMAND,OVERLAP,"in pocket, falling + broke below demand (same price)",AVOID
58,IN_POCKET_FALLING,,BROKE_BELOW_DEMAND,POCKET_BELOW,"in pocket, falling + broke below demand (pocket below zone)",AVOID
59,IN_POCKET_FALLING,,STACKED_DEMAND_RISING,OVERLAP,"in pocket, falling + stacked demand, rising (same price)",WATCH
60,IN_POCKET_FALLING,,IN_SUPPLY,OVERLAP,"in pocket, falling + in supply (same price)",AVOID
61,IN_POCKET_FALLING,,NEAR_BELOW_SUPPLY,OVERLAP,"in pocket, falling + just below supply (same price)",AVOID
62,IN_POCKET_FALLING,,NEAR_BELOW_SUPPLY,POCKET_BELOW,"in pocket, falling + just below supply (pocket below zone)",WAIT
63,IN_POCKET_FALLING,,FAR_BELOW_SUPPLY,POCKET_BELOW,"in pocket, falling + supply far overhead (pocket below zone)",WAIT
64,IN_POCKET_FALLING,,BROKE_ABOVE_SUPPLY_RISING,OVERLAP,"in pocket, falling + broke above supply, rising (same price)",WATCH
65,IN_POCKET_FALLING,,BROKE_ABOVE_SUPPLY_RISING,POCKET_ABOVE,"in pocket, falling + broke above supply, rising (pocket above zone)",WATCH
66,IN_POCKET_FALLING,,BROKE_ABOVE_SUPPLY_FALLING,OVERLAP,"in pocket, falling + broke above supply, falling (same price)",AVOID
67,IN_POCKET_FALLING,,BROKE_ABOVE_SUPPLY_FALLING,POCKET_ABOVE,"in pocket, falling + broke above supply, falling (pocket above zone)",WAIT
68,IN_POCKET_FALLING,,FAR_ABOVE_SUPPLY,POCKET_ABOVE,"in pocket, falling + far above broken supply (pocket above zone)",WAIT
69,IN_POCKET_FALLING,,BETWEEN_ZONES,NO_ZONE,"in pocket, falling + no zone nearby (no zone)",WAIT
70,NEAR_ABOVE_POCKET_RISING,bounced from pocket,IN_DEMAND_RISING,OVERLAP,"bounced up from pocket, rising + in demand, rising (same price)",BUY
71,NEAR_ABOVE_POCKET_RISING,bounced from pocket,IN_DEMAND_RISING,POCKET_BELOW,"bounced up from pocket, rising + in demand, rising (pocket below zone)",CAUTION
72,NEAR_ABOVE_POCKET_RISING,bounced from pocket,IN_DEMAND_FALLING,OVERLAP,"bounced up from pocket, rising + in demand, falling (same price)",CAUTION
73,NEAR_ABOVE_POCKET_RISING,bounced from pocket,IN_DEMAND_FALLING,POCKET_BELOW,"bounced up from pocket, rising + in demand, falling (pocket below zone)",CAUTION
74,NEAR_ABOVE_POCKET_RISING,bounced from pocket,NEAR_ABOVE_DEMAND_RISING,OVERLAP,"bounced up from pocket, rising + just above demand, rising (same price)",BUY
75,NEAR_ABOVE_POCKET_RISING,bounced from pocket,NEAR_ABOVE_DEMAND_RISING,POCKET_ABOVE,"bounced up from pocket, rising + just above demand, rising (pocket above zone)",BUY
76,NEAR_ABOVE_POCKET_RISING,bounced from pocket,NEAR_ABOVE_DEMAND_RISING,POCKET_BELOW,"bounced up from pocket, rising + just above demand, rising (pocket below zone)",CAUTION
77,NEAR_ABOVE_POCKET_RISING,bounced from pocket,NEAR_ABOVE_DEMAND_FALLING,OVERLAP,"bounced up from pocket, rising + just above demand, falling (same price)",CAUTION
78,NEAR_ABOVE_POCKET_RISING,bounced from pocket,NEAR_ABOVE_DEMAND_FALLING,POCKET_ABOVE,"bounced up from pocket, rising + just above demand, falling (pocket above zone)",CAUTION
79,NEAR_ABOVE_POCKET_RISING,bounced from pocket,NEAR_ABOVE_DEMAND_FALLING,POCKET_BELOW,"bounced up from pocket, rising + just above demand, falling (pocket below zone)",CAUTION
80,NEAR_ABOVE_POCKET_RISING,bounced from pocket,FAR_ABOVE_DEMAND,OVERLAP,"bounced up from pocket, rising + far above demand (same price)",CAUTION
81,NEAR_ABOVE_POCKET_RISING,bounced from pocket,FAR_ABOVE_DEMAND,POCKET_ABOVE,"bounced up from pocket, rising + far above demand (pocket above zone)",CAUTION
82,NEAR_ABOVE_POCKET_RISING,bounced from pocket,FAR_ABOVE_DEMAND,POCKET_BELOW,"bounced up from pocket, rising + far above demand (pocket below zone)",CAUTION
83,NEAR_ABOVE_POCKET_RISING,bounced from pocket,RECOVERED_INTO_DEMAND_RISING,OVERLAP,"bounced up from pocket, rising + recovered into demand (same price)",BUY
84,NEAR_ABOVE_POCKET_RISING,bounced from pocket,RECOVERED_INTO_DEMAND_RISING,POCKET_BELOW,"bounced up from pocket, rising + recovered into demand (pocket below zone)",CAUTION
85,NEAR_ABOVE_POCKET_RISING,bounced from pocket,RECOVERED_ABOVE_DEMAND_RISING,OVERLAP,"bounced up from pocket, rising + recovered above demand (same price)",BUY
86,NEAR_ABOVE_POCKET_RISING,bounced from pocket,RECOVERED_ABOVE_DEMAND_RISING,POCKET_ABOVE,"bounced up from pocket, rising + recovered above demand (pocket above zone)",BUY
87,NEAR_ABOVE_POCKET_RISING,bounced from pocket,RECOVERED_ABOVE_DEMAND_RISING,POCKET_BELOW,"bounced up from pocket, rising + recovered above demand (pocket below zone)",CAUTION
88,NEAR_ABOVE_POCKET_RISING,bounced from pocket,BROKE_BELOW_DEMAND,POCKET_BELOW,"bounced up from pocket, rising + broke below demand (pocket below zone)",CAUTION
89,NEAR_ABOVE_POCKET_RISING,bounced from pocket,STACKED_DEMAND_RISING,OVERLAP,"bounced up from pocket, rising + stacked demand, rising (same price)",BUY
90,NEAR_ABOVE_POCKET_RISING,bounced from pocket,STACKED_DEMAND_RISING,POCKET_BELOW,"bounced up from pocket, rising + stacked demand, rising (pocket below zone)",CAUTION
91,NEAR_ABOVE_POCKET_RISING,bounced from pocket,IN_SUPPLY,OVERLAP,"bounced up from pocket, rising + in supply (same price)",AVOID
92,NEAR_ABOVE_POCKET_RISING,bounced from pocket,IN_SUPPLY,POCKET_BELOW,"bounced up from pocket, rising + in supply (pocket below zone)",CAUTION
93,NEAR_ABOVE_POCKET_RISING,bounced from pocket,NEAR_BELOW_SUPPLY,POCKET_BELOW,"bounced up from pocket, rising + just below supply (pocket below zone)",CAUTION
94,NEAR_ABOVE_POCKET_RISING,bounced from pocket,FAR_BELOW_SUPPLY,POCKET_BELOW,"bounced up from pocket, rising + supply far overhead (pocket below zone)",BUY
95,NEAR_ABOVE_POCKET_RISING,bounced from pocket,BROKE_ABOVE_SUPPLY_RISING,OVERLAP,"bounced up from pocket, rising + broke above supply, rising (same price)",BUY
96,NEAR_ABOVE_POCKET_RISING,bounced from pocket,BROKE_ABOVE_SUPPLY_RISING,POCKET_ABOVE,"bounced up from pocket, rising + broke above supply, rising (pocket above zone)",BUY
97,NEAR_ABOVE_POCKET_RISING,bounced from pocket,BROKE_ABOVE_SUPPLY_RISING,POCKET_BELOW,"bounced up from pocket, rising + broke above supply, rising (pocket below zone)",CAUTION
98,NEAR_ABOVE_POCKET_RISING,bounced from pocket,BROKE_ABOVE_SUPPLY_FALLING,OVERLAP,"bounced up from pocket, rising + broke above supply, falling (same price)",AVOID
99,NEAR_ABOVE_POCKET_RISING,bounced from pocket,BROKE_ABOVE_SUPPLY_FALLING,POCKET_ABOVE,"bounced up from pocket, rising + broke above supply, falling (pocket above zone)",CAUTION
100,NEAR_ABOVE_POCKET_RISING,bounced from pocket,BROKE_ABOVE_SUPPLY_FALLING,POCKET_BELOW,"bounced up from pocket, rising + broke above supply, falling (pocket below zone)",CAUTION
101,NEAR_ABOVE_POCKET_RISING,bounced from pocket,FAR_ABOVE_SUPPLY,OVERLAP,"bounced up from pocket, rising + far above broken supply (same price)",CAUTION
102,NEAR_ABOVE_POCKET_RISING,bounced from pocket,FAR_ABOVE_SUPPLY,POCKET_ABOVE,"bounced up from pocket, rising + far above broken supply (pocket above zone)",CAUTION
103,NEAR_ABOVE_POCKET_RISING,bounced from pocket,FAR_ABOVE_SUPPLY,POCKET_BELOW,"bounced up from pocket, rising + far above broken supply (pocket below zone)",CAUTION
104,NEAR_ABOVE_POCKET_RISING,bounced from pocket,BETWEEN_ZONES,NO_ZONE,"bounced up from pocket, rising + no zone nearby (no zone)",BUY
105,NEAR_ABOVE_POCKET_RISING,never touched pocket,IN_DEMAND_RISING,OVERLAP,"just above pocket (never touched), rising + in demand, rising (same price)",WATCH
106,NEAR_ABOVE_POCKET_RISING,never touched pocket,IN_DEMAND_RISING,POCKET_BELOW,"just above pocket (never touched), rising + in demand, rising (pocket below zone)",WATCH
107,NEAR_ABOVE_POCKET_RISING,never touched pocket,IN_DEMAND_FALLING,OVERLAP,"just above pocket (never touched), rising + in demand, falling (same price)",AVOID
108,NEAR_ABOVE_POCKET_RISING,never touched pocket,IN_DEMAND_FALLING,POCKET_BELOW,"just above pocket (never touched), rising + in demand, falling (pocket below zone)",AVOID
109,NEAR_ABOVE_POCKET_RISING,never touched pocket,NEAR_ABOVE_DEMAND_RISING,OVERLAP,"just above pocket (never touched), rising + just above demand, rising (same price)",WATCH
110,NEAR_ABOVE_POCKET_RISING,never touched pocket,NEAR_ABOVE_DEMAND_RISING,POCKET_ABOVE,"just above pocket (never touched), rising + just above demand, rising (pocket above zone)",WATCH
111,NEAR_ABOVE_POCKET_RISING,never touched pocket,NEAR_ABOVE_DEMAND_RISING,POCKET_BELOW,"just above pocket (never touched), rising + just above demand, rising (pocket below zone)",WATCH
112,NEAR_ABOVE_POCKET_RISING,never touched pocket,NEAR_ABOVE_DEMAND_FALLING,OVERLAP,"just above pocket (never touched), rising + just above demand, falling (same price)",WAIT
113,NEAR_ABOVE_POCKET_RISING,never touched pocket,NEAR_ABOVE_DEMAND_FALLING,POCKET_ABOVE,"just above pocket (never touched), rising + just above demand, falling (pocket above zone)",WAIT
114,NEAR_ABOVE_POCKET_RISING,never touched pocket,NEAR_ABOVE_DEMAND_FALLING,POCKET_BELOW,"just above pocket (never touched), rising + just above demand, falling (pocket below zone)",WAIT
115,NEAR_ABOVE_POCKET_RISING,never touched pocket,FAR_ABOVE_DEMAND,OVERLAP,"just above pocket (never touched), rising + far above demand (same price)",WAIT
116,NEAR_ABOVE_POCKET_RISING,never touched pocket,FAR_ABOVE_DEMAND,POCKET_ABOVE,"just above pocket (never touched), rising + far above demand (pocket above zone)",WAIT
117,NEAR_ABOVE_POCKET_RISING,never touched pocket,FAR_ABOVE_DEMAND,POCKET_BELOW,"just above pocket (never touched), rising + far above demand (pocket below zone)",WAIT
118,NEAR_ABOVE_POCKET_RISING,never touched pocket,RECOVERED_INTO_DEMAND_RISING,OVERLAP,"just above pocket (never touched), rising + recovered into demand (same price)",WATCH
119,NEAR_ABOVE_POCKET_RISING,never touched pocket,RECOVERED_INTO_DEMAND_RISING,POCKET_BELOW,"just above pocket (never touched), rising + recovered into demand (pocket below zone)",WATCH
120,NEAR_ABOVE_POCKET_RISING,never touched pocket,RECOVERED_ABOVE_DEMAND_RISING,OVERLAP,"just above pocket (never touched), rising + recovered above demand (same price)",WATCH
121,NEAR_ABOVE_POCKET_RISING,never touched pocket,RECOVERED_ABOVE_DEMAND_RISING,POCKET_ABOVE,"just above pocket (never touched), rising + recovered above demand (pocket above zone)",WATCH
122,NEAR_ABOVE_POCKET_RISING,never touched pocket,RECOVERED_ABOVE_DEMAND_RISING,POCKET_BELOW,"just above pocket (never touched), rising + recovered above demand (pocket below zone)",WATCH
123,NEAR_ABOVE_POCKET_RISING,never touched pocket,BROKE_BELOW_DEMAND,POCKET_BELOW,"just above pocket (never touched), rising + broke below demand (pocket below zone)",AVOID
124,NEAR_ABOVE_POCKET_RISING,never touched pocket,STACKED_DEMAND_RISING,OVERLAP,"just above pocket (never touched), rising + stacked demand, rising (same price)",WATCH
125,NEAR_ABOVE_POCKET_RISING,never touched pocket,STACKED_DEMAND_RISING,POCKET_BELOW,"just above pocket (never touched), rising + stacked demand, rising (pocket below zone)",WATCH
126,NEAR_ABOVE_POCKET_RISING,never touched pocket,IN_SUPPLY,OVERLAP,"just above pocket (never touched), rising + in supply (same price)",AVOID
127,NEAR_ABOVE_POCKET_RISING,never touched pocket,IN_SUPPLY,POCKET_BELOW,"just above pocket (never touched), rising + in supply (pocket below zone)",SKIP
128,NEAR_ABOVE_POCKET_RISING,never touched pocket,NEAR_BELOW_SUPPLY,POCKET_BELOW,"just above pocket (never touched), rising + just below supply (pocket below zone)",SKIP
129,NEAR_ABOVE_POCKET_RISING,never touched pocket,FAR_BELOW_SUPPLY,POCKET_BELOW,"just above pocket (never touched), rising + supply far overhead (pocket below zone)",SKIP
130,NEAR_ABOVE_POCKET_RISING,never touched pocket,BROKE_ABOVE_SUPPLY_RISING,OVERLAP,"just above pocket (never touched), rising + broke above supply, rising (same price)",WATCH
131,NEAR_ABOVE_POCKET_RISING,never touched pocket,BROKE_ABOVE_SUPPLY_RISING,POCKET_ABOVE,"just above pocket (never touched), rising + broke above supply, rising (pocket above zone)",WATCH
132,NEAR_ABOVE_POCKET_RISING,never touched pocket,BROKE_ABOVE_SUPPLY_RISING,POCKET_BELOW,"just above pocket (never touched), rising + broke above supply, rising (pocket below zone)",WATCH
133,NEAR_ABOVE_POCKET_RISING,never touched pocket,BROKE_ABOVE_SUPPLY_FALLING,OVERLAP,"just above pocket (never touched), rising + broke above supply, falling (same price)",AVOID
134,NEAR_ABOVE_POCKET_RISING,never touched pocket,BROKE_ABOVE_SUPPLY_FALLING,POCKET_ABOVE,"just above pocket (never touched), rising + broke above supply, falling (pocket above zone)",AVOID
135,NEAR_ABOVE_POCKET_RISING,never touched pocket,BROKE_ABOVE_SUPPLY_FALLING,POCKET_BELOW,"just above pocket (never touched), rising + broke above supply, falling (pocket below zone)",AVOID
136,NEAR_ABOVE_POCKET_RISING,never touched pocket,FAR_ABOVE_SUPPLY,OVERLAP,"just above pocket (never touched), rising + far above broken supply (same price)",WAIT
137,NEAR_ABOVE_POCKET_RISING,never touched pocket,FAR_ABOVE_SUPPLY,POCKET_ABOVE,"just above pocket (never touched), rising + far above broken supply (pocket above zone)",WAIT
138,NEAR_ABOVE_POCKET_RISING,never touched pocket,FAR_ABOVE_SUPPLY,POCKET_BELOW,"just above pocket (never touched), rising + far above broken supply (pocket below zone)",WAIT
139,NEAR_ABOVE_POCKET_RISING,never touched pocket,BETWEEN_ZONES,NO_ZONE,"just above pocket (never touched), rising + no zone nearby (no zone)",SKIP
140,NEAR_ABOVE_POCKET_FALLING,,IN_DEMAND_RISING,OVERLAP,"just above pocket, falling + in demand, rising (same price)",WATCH
141,NEAR_ABOVE_POCKET_FALLING,,IN_DEMAND_RISING,POCKET_BELOW,"just above pocket, falling + in demand, rising (pocket below zone)",WATCH
142,NEAR_ABOVE_POCKET_FALLING,,IN_DEMAND_FALLING,OVERLAP,"just above pocket, falling + in demand, falling (same price)",WAIT
143,NEAR_ABOVE_POCKET_FALLING,,IN_DEMAND_FALLING,POCKET_BELOW,"just above pocket, falling + in demand, falling (pocket below zone)",WAIT
144,NEAR_ABOVE_POCKET_FALLING,,NEAR_ABOVE_DEMAND_RISING,OVERLAP,"just above pocket, falling + just above demand, rising (same price)",WATCH
145,NEAR_ABOVE_POCKET_FALLING,,NEAR_ABOVE_DEMAND_RISING,POCKET_ABOVE,"just above pocket, falling + just above demand, rising (pocket above zone)",WATCH
146,NEAR_ABOVE_POCKET_FALLING,,NEAR_ABOVE_DEMAND_RISING,POCKET_BELOW,"just above pocket, falling + just above demand, rising (pocket below zone)",WATCH
147,NEAR_ABOVE_POCKET_FALLING,,NEAR_ABOVE_DEMAND_FALLING,OVERLAP,"just above pocket, falling + just above demand, falling (same price)",WAIT
148,NEAR_ABOVE_POCKET_FALLING,,NEAR_ABOVE_DEMAND_FALLING,POCKET_ABOVE,"just above pocket, falling + just above demand, falling (pocket above zone)",WAIT
149,NEAR_ABOVE_POCKET_FALLING,,NEAR_ABOVE_DEMAND_FALLING,POCKET_BELOW,"just above pocket, falling + just above demand, falling (pocket below zone)",WAIT
150,NEAR_ABOVE_POCKET_FALLING,,FAR_ABOVE_DEMAND,OVERLAP,"just above pocket, falling + far above demand (same price)",WAIT
151,NEAR_ABOVE_POCKET_FALLING,,FAR_ABOVE_DEMAND,POCKET_ABOVE,"just above pocket, falling + far above demand (pocket above zone)",WAIT
152,NEAR_ABOVE_POCKET_FALLING,,FAR_ABOVE_DEMAND,POCKET_BELOW,"just above pocket, falling + far above demand (pocket below zone)",WAIT
153,NEAR_ABOVE_POCKET_FALLING,,RECOVERED_INTO_DEMAND_RISING,OVERLAP,"just above pocket, falling + recovered into demand (same price)",WATCH
154,NEAR_ABOVE_POCKET_FALLING,,RECOVERED_INTO_DEMAND_RISING,POCKET_BELOW,"just above pocket, falling + recovered into demand (pocket below zone)",WATCH
155,NEAR_ABOVE_POCKET_FALLING,,RECOVERED_ABOVE_DEMAND_RISING,OVERLAP,"just above pocket, falling + recovered above demand (same price)",WATCH
156,NEAR_ABOVE_POCKET_FALLING,,RECOVERED_ABOVE_DEMAND_RISING,POCKET_ABOVE,"just above pocket, falling + recovered above demand (pocket above zone)",WATCH
157,NEAR_ABOVE_POCKET_FALLING,,RECOVERED_ABOVE_DEMAND_RISING,POCKET_BELOW,"just above pocket, falling + recovered above demand (pocket below zone)",WATCH
158,NEAR_ABOVE_POCKET_FALLING,,BROKE_BELOW_DEMAND,POCKET_BELOW,"just above pocket, falling + broke below demand (pocket below zone)",AVOID
159,NEAR_ABOVE_POCKET_FALLING,,STACKED_DEMAND_RISING,OVERLAP,"just above pocket, falling + stacked demand, rising (same price)",WATCH
160,NEAR_ABOVE_POCKET_FALLING,,STACKED_DEMAND_RISING,POCKET_BELOW,"just above pocket, falling + stacked demand, rising (pocket below zone)",WATCH
161,NEAR_ABOVE_POCKET_FALLING,,IN_SUPPLY,OVERLAP,"just above pocket, falling + in supply (same price)",AVOID
162,NEAR_ABOVE_POCKET_FALLING,,IN_SUPPLY,POCKET_BELOW,"just above pocket, falling + in supply (pocket below zone)",WAIT
163,NEAR_ABOVE_POCKET_FALLING,,NEAR_BELOW_SUPPLY,POCKET_BELOW,"just above pocket, falling + just below supply (pocket below zone)",WAIT
164,NEAR_ABOVE_POCKET_FALLING,,FAR_BELOW_SUPPLY,POCKET_BELOW,"just above pocket, falling + supply far overhead (pocket below zone)",WAIT
165,NEAR_ABOVE_POCKET_FALLING,,BROKE_ABOVE_SUPPLY_RISING,OVERLAP,"just above pocket, falling + broke above supply, rising (same price)",WATCH
166,NEAR_ABOVE_POCKET_FALLING,,BROKE_ABOVE_SUPPLY_RISING,POCKET_ABOVE,"just above pocket, falling + broke above supply, rising (pocket above zone)",WATCH
167,NEAR_ABOVE_POCKET_FALLING,,BROKE_ABOVE_SUPPLY_RISING,POCKET_BELOW,"just above pocket, falling + broke above supply, rising (pocket below zone)",WATCH
168,NEAR_ABOVE_POCKET_FALLING,,BROKE_ABOVE_SUPPLY_FALLING,OVERLAP,"just above pocket, falling + broke above supply, falling (same price)",AVOID
169,NEAR_ABOVE_POCKET_FALLING,,BROKE_ABOVE_SUPPLY_FALLING,POCKET_ABOVE,"just above pocket, falling + broke above supply, falling (pocket above zone)",WAIT
170,NEAR_ABOVE_POCKET_FALLING,,BROKE_ABOVE_SUPPLY_FALLING,POCKET_BELOW,"just above pocket, falling + broke above supply, falling (pocket below zone)",WAIT
171,NEAR_ABOVE_POCKET_FALLING,,FAR_ABOVE_SUPPLY,OVERLAP,"just above pocket, falling + far above broken supply (same price)",WAIT
172,NEAR_ABOVE_POCKET_FALLING,,FAR_ABOVE_SUPPLY,POCKET_ABOVE,"just above pocket, falling + far above broken supply (pocket above zone)",WAIT
173,NEAR_ABOVE_POCKET_FALLING,,FAR_ABOVE_SUPPLY,POCKET_BELOW,"just above pocket, falling + far above broken supply (pocket below zone)",WAIT
174,NEAR_ABOVE_POCKET_FALLING,,BETWEEN_ZONES,NO_ZONE,"just above pocket, falling + no zone nearby (no zone)",WAIT
175,FAR_ABOVE_POCKET,,IN_DEMAND_RISING,OVERLAP,"far above pocket + in demand, rising (same price)",WATCH
176,FAR_ABOVE_POCKET,,IN_DEMAND_RISING,POCKET_BELOW,"far above pocket + in demand, rising (pocket below zone)",WATCH
177,FAR_ABOVE_POCKET,,IN_DEMAND_FALLING,OVERLAP,"far above pocket + in demand, falling (same price)",AVOID
178,FAR_ABOVE_POCKET,,IN_DEMAND_FALLING,POCKET_BELOW,"far above pocket + in demand, falling (pocket below zone)",AVOID
179,FAR_ABOVE_POCKET,,NEAR_ABOVE_DEMAND_RISING,OVERLAP,"far above pocket + just above demand, rising (same price)",WATCH
180,FAR_ABOVE_POCKET,,NEAR_ABOVE_DEMAND_RISING,POCKET_ABOVE,"far above pocket + just above demand, rising (pocket above zone)",WATCH
181,FAR_ABOVE_POCKET,,NEAR_ABOVE_DEMAND_RISING,POCKET_BELOW,"far above pocket + just above demand, rising (pocket below zone)",WATCH
182,FAR_ABOVE_POCKET,,NEAR_ABOVE_DEMAND_FALLING,OVERLAP,"far above pocket + just above demand, falling (same price)",WAIT
183,FAR_ABOVE_POCKET,,NEAR_ABOVE_DEMAND_FALLING,POCKET_ABOVE,"far above pocket + just above demand, falling (pocket above zone)",WAIT
184,FAR_ABOVE_POCKET,,NEAR_ABOVE_DEMAND_FALLING,POCKET_BELOW,"far above pocket + just above demand, falling (pocket below zone)",WAIT
185,FAR_ABOVE_POCKET,,FAR_ABOVE_DEMAND,OVERLAP,far above pocket + far above demand (same price),WAIT
186,FAR_ABOVE_POCKET,,FAR_ABOVE_DEMAND,POCKET_ABOVE,far above pocket + far above demand (pocket above zone),WAIT
187,FAR_ABOVE_POCKET,,FAR_ABOVE_DEMAND,POCKET_BELOW,far above pocket + far above demand (pocket below zone),WAIT
188,FAR_ABOVE_POCKET,,RECOVERED_INTO_DEMAND_RISING,OVERLAP,far above pocket + recovered into demand (same price),WATCH
189,FAR_ABOVE_POCKET,,RECOVERED_INTO_DEMAND_RISING,POCKET_BELOW,far above pocket + recovered into demand (pocket below zone),WATCH
190,FAR_ABOVE_POCKET,,RECOVERED_ABOVE_DEMAND_RISING,OVERLAP,far above pocket + recovered above demand (same price),WATCH
191,FAR_ABOVE_POCKET,,RECOVERED_ABOVE_DEMAND_RISING,POCKET_ABOVE,far above pocket + recovered above demand (pocket above zone),WATCH
192,FAR_ABOVE_POCKET,,RECOVERED_ABOVE_DEMAND_RISING,POCKET_BELOW,far above pocket + recovered above demand (pocket below zone),WATCH
193,FAR_ABOVE_POCKET,,BROKE_BELOW_DEMAND,POCKET_BELOW,far above pocket + broke below demand (pocket below zone),AVOID
194,FAR_ABOVE_POCKET,,STACKED_DEMAND_RISING,OVERLAP,"far above pocket + stacked demand, rising (same price)",WATCH
195,FAR_ABOVE_POCKET,,STACKED_DEMAND_RISING,POCKET_BELOW,"far above pocket + stacked demand, rising (pocket below zone)",WATCH
196,FAR_ABOVE_POCKET,,IN_SUPPLY,OVERLAP,far above pocket + in supply (same price),AVOID
197,FAR_ABOVE_POCKET,,IN_SUPPLY,POCKET_BELOW,far above pocket + in supply (pocket below zone),SKIP
198,FAR_ABOVE_POCKET,,NEAR_BELOW_SUPPLY,POCKET_BELOW,far above pocket + just below supply (pocket below zone),SKIP
199,FAR_ABOVE_POCKET,,FAR_BELOW_SUPPLY,POCKET_BELOW,far above pocket + supply far overhead (pocket below zone),SKIP
200,FAR_ABOVE_POCKET,,BROKE_ABOVE_SUPPLY_RISING,OVERLAP,"far above pocket + broke above supply, rising (same price)",WATCH
201,FAR_ABOVE_POCKET,,BROKE_ABOVE_SUPPLY_RISING,POCKET_ABOVE,"far above pocket + broke above supply, rising (pocket above zone)",WATCH
202,FAR_ABOVE_POCKET,,BROKE_ABOVE_SUPPLY_RISING,POCKET_BELOW,"far above pocket + broke above supply, rising (pocket below zone)",WATCH
203,FAR_ABOVE_POCKET,,BROKE_ABOVE_SUPPLY_FALLING,OVERLAP,"far above pocket + broke above supply, falling (same price)",AVOID
204,FAR_ABOVE_POCKET,,BROKE_ABOVE_SUPPLY_FALLING,POCKET_ABOVE,"far above pocket + broke above supply, falling (pocket above zone)",AVOID
205,FAR_ABOVE_POCKET,,BROKE_ABOVE_SUPPLY_FALLING,POCKET_BELOW,"far above pocket + broke above supply, falling (pocket below zone)",AVOID
206,FAR_ABOVE_POCKET,,FAR_ABOVE_SUPPLY,OVERLAP,far above pocket + far above broken supply (same price),WAIT
207,FAR_ABOVE_POCKET,,FAR_ABOVE_SUPPLY,POCKET_ABOVE,far above pocket + far above broken supply (pocket above zone),WAIT
208,FAR_ABOVE_POCKET,,FAR_ABOVE_SUPPLY,POCKET_BELOW,far above pocket + far above broken supply (pocket below zone),WAIT
209,FAR_ABOVE_POCKET,,BETWEEN_ZONES,NO_ZONE,far above pocket + no zone nearby (no zone),SKIP
210,BELOW_POCKET_FALLING,,IN_DEMAND_RISING,OVERLAP,"below pocket, falling + in demand, rising (same price)",WATCH
211,BELOW_POCKET_FALLING,,IN_DEMAND_RISING,POCKET_ABOVE,"below pocket, falling + in demand, rising (pocket above zone)",WATCH
212,BELOW_POCKET_FALLING,,IN_DEMAND_FALLING,OVERLAP,"below pocket, falling + in demand, falling (same price)",AVOID
213,BELOW_POCKET_FALLING,,IN_DEMAND_FALLING,POCKET_ABOVE,"below pocket, falling + in demand, falling (pocket above zone)",AVOID
214,BELOW_POCKET_FALLING,,NEAR_ABOVE_DEMAND_RISING,POCKET_ABOVE,"below pocket, falling + just above demand, rising (pocket above zone)",WATCH
215,BELOW_POCKET_FALLING,,NEAR_ABOVE_DEMAND_FALLING,POCKET_ABOVE,"below pocket, falling + just above demand, falling (pocket above zone)",WAIT
216,BELOW_POCKET_FALLING,,FAR_ABOVE_DEMAND,POCKET_ABOVE,"below pocket, falling + far above demand (pocket above zone)",WAIT
217,BELOW_POCKET_FALLING,,RECOVERED_INTO_DEMAND_RISING,OVERLAP,"below pocket, falling + recovered into demand (same price)",WATCH
218,BELOW_POCKET_FALLING,,RECOVERED_INTO_DEMAND_RISING,POCKET_ABOVE,"below pocket, falling + recovered into demand (pocket above zone)",WATCH
219,BELOW_POCKET_FALLING,,RECOVERED_ABOVE_DEMAND_RISING,POCKET_ABOVE,"below pocket, falling + recovered above demand (pocket above zone)",WATCH
220,BELOW_POCKET_FALLING,,BROKE_BELOW_DEMAND,OVERLAP,"below pocket, falling + broke below demand (same price)",AVOID
221,BELOW_POCKET_FALLING,,BROKE_BELOW_DEMAND,POCKET_ABOVE,"below pocket, falling + broke below demand (pocket above zone)",AVOID
222,BELOW_POCKET_FALLING,,BROKE_BELOW_DEMAND,POCKET_BELOW,"below pocket, falling + broke below demand (pocket below zone)",AVOID
223,BELOW_POCKET_FALLING,,STACKED_DEMAND_RISING,OVERLAP,"below pocket, falling + stacked demand, rising (same price)",WATCH
224,BELOW_POCKET_FALLING,,STACKED_DEMAND_RISING,POCKET_ABOVE,"below pocket, falling + stacked demand, rising (pocket above zone)",WATCH
225,BELOW_POCKET_FALLING,,IN_SUPPLY,OVERLAP,"below pocket, falling + in supply (same price)",AVOID
226,BELOW_POCKET_FALLING,,IN_SUPPLY,POCKET_ABOVE,"below pocket, falling + in supply (pocket above zone)",AVOID
227,BELOW_POCKET_FALLING,,NEAR_BELOW_SUPPLY,OVERLAP,"below pocket, falling + just below supply (same price)",AVOID
228,BELOW_POCKET_FALLING,,NEAR_BELOW_SUPPLY,POCKET_ABOVE,"below pocket, falling + just below supply (pocket above zone)",AVOID
229,BELOW_POCKET_FALLING,,NEAR_BELOW_SUPPLY,POCKET_BELOW,"below pocket, falling + just below supply (pocket below zone)",AVOID
230,BELOW_POCKET_FALLING,,FAR_BELOW_SUPPLY,OVERLAP,"below pocket, falling + supply far overhead (same price)",WAIT
231,BELOW_POCKET_FALLING,,FAR_BELOW_SUPPLY,POCKET_ABOVE,"below pocket, falling + supply far overhead (pocket above zone)",WAIT
232,BELOW_POCKET_FALLING,,FAR_BELOW_SUPPLY,POCKET_BELOW,"below pocket, falling + supply far overhead (pocket below zone)",WAIT
233,BELOW_POCKET_FALLING,,BROKE_ABOVE_SUPPLY_RISING,POCKET_ABOVE,"below pocket, falling + broke above supply, rising (pocket above zone)",WATCH
234,BELOW_POCKET_FALLING,,BROKE_ABOVE_SUPPLY_FALLING,POCKET_ABOVE,"below pocket, falling + broke above supply, falling (pocket above zone)",AVOID
235,BELOW_POCKET_FALLING,,FAR_ABOVE_SUPPLY,POCKET_ABOVE,"below pocket, falling + far above broken supply (pocket above zone)",WAIT
236,BELOW_POCKET_FALLING,,BETWEEN_ZONES,NO_ZONE,"below pocket, falling + no zone nearby (no zone)",WAIT
237,BELOW_POCKET_RISING,,IN_DEMAND_RISING,OVERLAP,"below pocket, rising + in demand, rising (same price)",WATCH
238,BELOW_POCKET_RISING,,IN_DEMAND_RISING,POCKET_ABOVE,"below pocket, rising + in demand, rising (pocket above zone)",WATCH
239,BELOW_POCKET_RISING,,IN_DEMAND_FALLING,OVERLAP,"below pocket, rising + in demand, falling (same price)",WAIT
240,BELOW_POCKET_RISING,,IN_DEMAND_FALLING,POCKET_ABOVE,"below pocket, rising + in demand, falling (pocket above zone)",WAIT
241,BELOW_POCKET_RISING,,NEAR_ABOVE_DEMAND_RISING,POCKET_ABOVE,"below pocket, rising + just above demand, rising (pocket above zone)",WATCH
242,BELOW_POCKET_RISING,,NEAR_ABOVE_DEMAND_FALLING,POCKET_ABOVE,"below pocket, rising + just above demand, falling (pocket above zone)",WAIT
243,BELOW_POCKET_RISING,,FAR_ABOVE_DEMAND,POCKET_ABOVE,"below pocket, rising + far above demand (pocket above zone)",WAIT
244,BELOW_POCKET_RISING,,RECOVERED_INTO_DEMAND_RISING,OVERLAP,"below pocket, rising + recovered into demand (same price)",WATCH
245,BELOW_POCKET_RISING,,RECOVERED_INTO_DEMAND_RISING,POCKET_ABOVE,"below pocket, rising + recovered into demand (pocket above zone)",WATCH
246,BELOW_POCKET_RISING,,RECOVERED_ABOVE_DEMAND_RISING,POCKET_ABOVE,"below pocket, rising + recovered above demand (pocket above zone)",WATCH
247,BELOW_POCKET_RISING,,BROKE_BELOW_DEMAND,OVERLAP,"below pocket, rising + broke below demand (same price)",AVOID
248,BELOW_POCKET_RISING,,BROKE_BELOW_DEMAND,POCKET_ABOVE,"below pocket, rising + broke below demand (pocket above zone)",AVOID
249,BELOW_POCKET_RISING,,BROKE_BELOW_DEMAND,POCKET_BELOW,"below pocket, rising + broke below demand (pocket below zone)",AVOID
250,BELOW_POCKET_RISING,,STACKED_DEMAND_RISING,OVERLAP,"below pocket, rising + stacked demand, rising (same price)",WATCH
251,BELOW_POCKET_RISING,,STACKED_DEMAND_RISING,POCKET_ABOVE,"below pocket, rising + stacked demand, rising (pocket above zone)",WATCH
252,BELOW_POCKET_RISING,,IN_SUPPLY,OVERLAP,"below pocket, rising + in supply (same price)",AVOID
253,BELOW_POCKET_RISING,,IN_SUPPLY,POCKET_ABOVE,"below pocket, rising + in supply (pocket above zone)",WAIT
254,BELOW_POCKET_RISING,,NEAR_BELOW_SUPPLY,OVERLAP,"below pocket, rising + just below supply (same price)",AVOID
255,BELOW_POCKET_RISING,,NEAR_BELOW_SUPPLY,POCKET_ABOVE,"below pocket, rising + just below supply (pocket above zone)",WAIT
256,BELOW_POCKET_RISING,,NEAR_BELOW_SUPPLY,POCKET_BELOW,"below pocket, rising + just below supply (pocket below zone)",WAIT
257,BELOW_POCKET_RISING,,FAR_BELOW_SUPPLY,OVERLAP,"below pocket, rising + supply far overhead (same price)",WAIT
258,BELOW_POCKET_RISING,,FAR_BELOW_SUPPLY,POCKET_ABOVE,"below pocket, rising + supply far overhead (pocket above zone)",WAIT
259,BELOW_POCKET_RISING,,FAR_BELOW_SUPPLY,POCKET_BELOW,"below pocket, rising + supply far overhead (pocket below zone)",WAIT
260,BELOW_POCKET_RISING,,BROKE_ABOVE_SUPPLY_RISING,POCKET_ABOVE,"below pocket, rising + broke above supply, rising (pocket above zone)",WATCH
261,BELOW_POCKET_RISING,,BROKE_ABOVE_SUPPLY_FALLING,POCKET_ABOVE,"below pocket, rising + broke above supply, falling (pocket above zone)",WAIT
262,BELOW_POCKET_RISING,,FAR_ABOVE_SUPPLY,POCKET_ABOVE,"below pocket, rising + far above broken supply (pocket above zone)",WAIT
263,BELOW_POCKET_RISING,,BETWEEN_ZONES,NO_ZONE,"below pocket, rising + no zone nearby (no zone)",WAIT
264,AT_SWING_LOW_RISING,,IN_DEMAND_RISING,OVERLAP,"at swing low, rising + in demand, rising (same price)",WATCH
265,AT_SWING_LOW_RISING,,IN_DEMAND_RISING,POCKET_ABOVE,"at swing low, rising + in demand, rising (pocket above zone)",WATCH
266,AT_SWING_LOW_RISING,,IN_DEMAND_FALLING,OVERLAP,"at swing low, rising + in demand, falling (same price)",WAIT
267,AT_SWING_LOW_RISING,,IN_DEMAND_FALLING,POCKET_ABOVE,"at swing low, rising + in demand, falling (pocket above zone)",WAIT
268,AT_SWING_LOW_RISING,,NEAR_ABOVE_DEMAND_RISING,POCKET_ABOVE,"at swing low, rising + just above demand, rising (pocket above zone)",WATCH
269,AT_SWING_LOW_RISING,,NEAR_ABOVE_DEMAND_FALLING,POCKET_ABOVE,"at swing low, rising + just above demand, falling (pocket above zone)",WAIT
270,AT_SWING_LOW_RISING,,FAR_ABOVE_DEMAND,POCKET_ABOVE,"at swing low, rising + far above demand (pocket above zone)",WAIT
271,AT_SWING_LOW_RISING,,RECOVERED_INTO_DEMAND_RISING,OVERLAP,"at swing low, rising + recovered into demand (same price)",WATCH
272,AT_SWING_LOW_RISING,,RECOVERED_INTO_DEMAND_RISING,POCKET_ABOVE,"at swing low, rising + recovered into demand (pocket above zone)",WATCH
273,AT_SWING_LOW_RISING,,RECOVERED_ABOVE_DEMAND_RISING,POCKET_ABOVE,"at swing low, rising + recovered above demand (pocket above zone)",WATCH
274,AT_SWING_LOW_RISING,,BROKE_BELOW_DEMAND,OVERLAP,"at swing low, rising + broke below demand (same price)",AVOID
275,AT_SWING_LOW_RISING,,BROKE_BELOW_DEMAND,POCKET_ABOVE,"at swing low, rising + broke below demand (pocket above zone)",AVOID
276,AT_SWING_LOW_RISING,,BROKE_BELOW_DEMAND,POCKET_BELOW,"at swing low, rising + broke below demand (pocket below zone)",AVOID
277,AT_SWING_LOW_RISING,,STACKED_DEMAND_RISING,OVERLAP,"at swing low, rising + stacked demand, rising (same price)",WATCH
278,AT_SWING_LOW_RISING,,STACKED_DEMAND_RISING,POCKET_ABOVE,"at swing low, rising + stacked demand, rising (pocket above zone)",WATCH
279,AT_SWING_LOW_RISING,,IN_SUPPLY,OVERLAP,"at swing low, rising + in supply (same price)",AVOID
280,AT_SWING_LOW_RISING,,IN_SUPPLY,POCKET_ABOVE,"at swing low, rising + in supply (pocket above zone)",WAIT
281,AT_SWING_LOW_RISING,,NEAR_BELOW_SUPPLY,OVERLAP,"at swing low, rising + just below supply (same price)",AVOID
282,AT_SWING_LOW_RISING,,NEAR_BELOW_SUPPLY,POCKET_ABOVE,"at swing low, rising + just below supply (pocket above zone)",WAIT
283,AT_SWING_LOW_RISING,,NEAR_BELOW_SUPPLY,POCKET_BELOW,"at swing low, rising + just below supply (pocket below zone)",WAIT
284,AT_SWING_LOW_RISING,,FAR_BELOW_SUPPLY,OVERLAP,"at swing low, rising + supply far overhead (same price)",WAIT
285,AT_SWING_LOW_RISING,,FAR_BELOW_SUPPLY,POCKET_ABOVE,"at swing low, rising + supply far overhead (pocket above zone)",WAIT
286,AT_SWING_LOW_RISING,,FAR_BELOW_SUPPLY,POCKET_BELOW,"at swing low, rising + supply far overhead (pocket below zone)",WAIT
287,AT_SWING_LOW_RISING,,BROKE_ABOVE_SUPPLY_RISING,POCKET_ABOVE,"at swing low, rising + broke above supply, rising (pocket above zone)",WATCH
288,AT_SWING_LOW_RISING,,BROKE_ABOVE_SUPPLY_FALLING,POCKET_ABOVE,"at swing low, rising + broke above supply, falling (pocket above zone)",WAIT
289,AT_SWING_LOW_RISING,,FAR_ABOVE_SUPPLY,POCKET_ABOVE,"at swing low, rising + far above broken supply (pocket above zone)",WAIT
290,AT_SWING_LOW_RISING,,BETWEEN_ZONES,NO_ZONE,"at swing low, rising + no zone nearby (no zone)",WAIT
291,AT_SWING_LOW_FALLING,,IN_DEMAND_RISING,OVERLAP,"at swing low, falling + in demand, rising (same price)",WATCH
292,AT_SWING_LOW_FALLING,,IN_DEMAND_RISING,POCKET_ABOVE,"at swing low, falling + in demand, rising (pocket above zone)",WATCH
293,AT_SWING_LOW_FALLING,,IN_DEMAND_FALLING,OVERLAP,"at swing low, falling + in demand, falling (same price)",AVOID
294,AT_SWING_LOW_FALLING,,IN_DEMAND_FALLING,POCKET_ABOVE,"at swing low, falling + in demand, falling (pocket above zone)",AVOID
295,AT_SWING_LOW_FALLING,,NEAR_ABOVE_DEMAND_RISING,POCKET_ABOVE,"at swing low, falling + just above demand, rising (pocket above zone)",WATCH
296,AT_SWING_LOW_FALLING,,NEAR_ABOVE_DEMAND_FALLING,POCKET_ABOVE,"at swing low, falling + just above demand, falling (pocket above zone)",WAIT
297,AT_SWING_LOW_FALLING,,FAR_ABOVE_DEMAND,POCKET_ABOVE,"at swing low, falling + far above demand (pocket above zone)",WAIT
298,AT_SWING_LOW_FALLING,,RECOVERED_INTO_DEMAND_RISING,OVERLAP,"at swing low, falling + recovered into demand (same price)",WATCH
299,AT_SWING_LOW_FALLING,,RECOVERED_INTO_DEMAND_RISING,POCKET_ABOVE,"at swing low, falling + recovered into demand (pocket above zone)",WATCH
300,AT_SWING_LOW_FALLING,,RECOVERED_ABOVE_DEMAND_RISING,POCKET_ABOVE,"at swing low, falling + recovered above demand (pocket above zone)",WATCH
301,AT_SWING_LOW_FALLING,,BROKE_BELOW_DEMAND,OVERLAP,"at swing low, falling + broke below demand (same price)",AVOID
302,AT_SWING_LOW_FALLING,,BROKE_BELOW_DEMAND,POCKET_ABOVE,"at swing low, falling + broke below demand (pocket above zone)",AVOID
303,AT_SWING_LOW_FALLING,,BROKE_BELOW_DEMAND,POCKET_BELOW,"at swing low, falling + broke below demand (pocket below zone)",AVOID
304,AT_SWING_LOW_FALLING,,STACKED_DEMAND_RISING,OVERLAP,"at swing low, falling + stacked demand, rising (same price)",WATCH
305,AT_SWING_LOW_FALLING,,STACKED_DEMAND_RISING,POCKET_ABOVE,"at swing low, falling + stacked demand, rising (pocket above zone)",WATCH
306,AT_SWING_LOW_FALLING,,IN_SUPPLY,OVERLAP,"at swing low, falling + in supply (same price)",AVOID
307,AT_SWING_LOW_FALLING,,IN_SUPPLY,POCKET_ABOVE,"at swing low, falling + in supply (pocket above zone)",AVOID
308,AT_SWING_LOW_FALLING,,NEAR_BELOW_SUPPLY,OVERLAP,"at swing low, falling + just below supply (same price)",AVOID
309,AT_SWING_LOW_FALLING,,NEAR_BELOW_SUPPLY,POCKET_ABOVE,"at swing low, falling + just below supply (pocket above zone)",AVOID
310,AT_SWING_LOW_FALLING,,NEAR_BELOW_SUPPLY,POCKET_BELOW,"at swing low, falling + just below supply (pocket below zone)",AVOID
311,AT_SWING_LOW_FALLING,,FAR_BELOW_SUPPLY,OVERLAP,"at swing low, falling + supply far overhead (same price)",WAIT
312,AT_SWING_LOW_FALLING,,FAR_BELOW_SUPPLY,POCKET_ABOVE,"at swing low, falling + supply far overhead (pocket above zone)",WAIT
313,AT_SWING_LOW_FALLING,,FAR_BELOW_SUPPLY,POCKET_BELOW,"at swing low, falling + supply far overhead (pocket below zone)",WAIT
314,AT_SWING_LOW_FALLING,,BROKE_ABOVE_SUPPLY_RISING,POCKET_ABOVE,"at swing low, falling + broke above supply, rising (pocket above zone)",WATCH
315,AT_SWING_LOW_FALLING,,BROKE_ABOVE_SUPPLY_FALLING,POCKET_ABOVE,"at swing low, falling + broke above supply, falling (pocket above zone)",AVOID
316,AT_SWING_LOW_FALLING,,FAR_ABOVE_SUPPLY,POCKET_ABOVE,"at swing low, falling + far above broken supply (pocket above zone)",WAIT
317,AT_SWING_LOW_FALLING,,BETWEEN_ZONES,NO_ZONE,"at swing low, falling + no zone nearby (no zone)",WAIT
318,AT_SWING_HIGH,,IN_DEMAND_RISING,OVERLAP,"at swing high + in demand, rising (same price)",AVOID
319,AT_SWING_HIGH,,IN_DEMAND_RISING,POCKET_BELOW,"at swing high + in demand, rising (pocket below zone)",AVOID
320,AT_SWING_HIGH,,IN_DEMAND_FALLING,OVERLAP,"at swing high + in demand, falling (same price)",AVOID
321,AT_SWING_HIGH,,IN_DEMAND_FALLING,POCKET_BELOW,"at swing high + in demand, falling (pocket below zone)",AVOID
322,AT_SWING_HIGH,,NEAR_ABOVE_DEMAND_RISING,OVERLAP,"at swing high + just above demand, rising (same price)",AVOID
323,AT_SWING_HIGH,,NEAR_ABOVE_DEMAND_RISING,POCKET_ABOVE,"at swing high + just above demand, rising (pocket above zone)",AVOID
324,AT_SWING_HIGH,,NEAR_ABOVE_DEMAND_RISING,POCKET_BELOW,"at swing high + just above demand, rising (pocket below zone)",AVOID
325,AT_SWING_HIGH,,NEAR_ABOVE_DEMAND_FALLING,OVERLAP,"at swing high + just above demand, falling (same price)",AVOID
326,AT_SWING_HIGH,,NEAR_ABOVE_DEMAND_FALLING,POCKET_ABOVE,"at swing high + just above demand, falling (pocket above zone)",AVOID
327,AT_SWING_HIGH,,NEAR_ABOVE_DEMAND_FALLING,POCKET_BELOW,"at swing high + just above demand, falling (pocket below zone)",AVOID
328,AT_SWING_HIGH,,FAR_ABOVE_DEMAND,OVERLAP,at swing high + far above demand (same price),AVOID
329,AT_SWING_HIGH,,FAR_ABOVE_DEMAND,POCKET_ABOVE,at swing high + far above demand (pocket above zone),AVOID
330,AT_SWING_HIGH,,FAR_ABOVE_DEMAND,POCKET_BELOW,at swing high + far above demand (pocket below zone),AVOID
331,AT_SWING_HIGH,,RECOVERED_INTO_DEMAND_RISING,OVERLAP,at swing high + recovered into demand (same price),AVOID
332,AT_SWING_HIGH,,RECOVERED_INTO_DEMAND_RISING,POCKET_BELOW,at swing high + recovered into demand (pocket below zone),AVOID
333,AT_SWING_HIGH,,RECOVERED_ABOVE_DEMAND_RISING,OVERLAP,at swing high + recovered above demand (same price),AVOID
334,AT_SWING_HIGH,,RECOVERED_ABOVE_DEMAND_RISING,POCKET_ABOVE,at swing high + recovered above demand (pocket above zone),AVOID
335,AT_SWING_HIGH,,RECOVERED_ABOVE_DEMAND_RISING,POCKET_BELOW,at swing high + recovered above demand (pocket below zone),AVOID
336,AT_SWING_HIGH,,BROKE_BELOW_DEMAND,POCKET_BELOW,at swing high + broke below demand (pocket below zone),AVOID
337,AT_SWING_HIGH,,STACKED_DEMAND_RISING,OVERLAP,"at swing high + stacked demand, rising (same price)",AVOID
338,AT_SWING_HIGH,,STACKED_DEMAND_RISING,POCKET_BELOW,"at swing high + stacked demand, rising (pocket below zone)",AVOID
339,AT_SWING_HIGH,,IN_SUPPLY,OVERLAP,at swing high + in supply (same price),AVOID
340,AT_SWING_HIGH,,IN_SUPPLY,POCKET_BELOW,at swing high + in supply (pocket below zone),AVOID
341,AT_SWING_HIGH,,NEAR_BELOW_SUPPLY,POCKET_BELOW,at swing high + just below supply (pocket below zone),AVOID
342,AT_SWING_HIGH,,FAR_BELOW_SUPPLY,POCKET_BELOW,at swing high + supply far overhead (pocket below zone),AVOID
343,AT_SWING_HIGH,,BROKE_ABOVE_SUPPLY_RISING,OVERLAP,"at swing high + broke above supply, rising (same price)",AVOID
344,AT_SWING_HIGH,,BROKE_ABOVE_SUPPLY_RISING,POCKET_ABOVE,"at swing high + broke above supply, rising (pocket above zone)",AVOID
345,AT_SWING_HIGH,,BROKE_ABOVE_SUPPLY_RISING,POCKET_BELOW,"at swing high + broke above supply, rising (pocket below zone)",AVOID
346,AT_SWING_HIGH,,BROKE_ABOVE_SUPPLY_FALLING,OVERLAP,"at swing high + broke above supply, falling (same price)",AVOID
347,AT_SWING_HIGH,,BROKE_ABOVE_SUPPLY_FALLING,POCKET_ABOVE,"at swing high + broke above supply, falling (pocket above zone)",AVOID
348,AT_SWING_HIGH,,BROKE_ABOVE_SUPPLY_FALLING,POCKET_BELOW,"at swing high + broke above supply, falling (pocket below zone)",AVOID
349,AT_SWING_HIGH,,FAR_ABOVE_SUPPLY,OVERLAP,at swing high + far above broken supply (same price),AVOID
350,AT_SWING_HIGH,,FAR_ABOVE_SUPPLY,POCKET_ABOVE,at swing high + far above broken supply (pocket above zone),AVOID
351,AT_SWING_HIGH,,FAR_ABOVE_SUPPLY,POCKET_BELOW,at swing high + far above broken supply (pocket below zone),AVOID
352,AT_SWING_HIGH,,BETWEEN_ZONES,NO_ZONE,at swing high + no zone nearby (no zone),AVOID
353,SHALLOW_ABOVE_POCKET,,IN_DEMAND_RISING,OVERLAP,"shallow dip only + in demand, rising (same price)",WATCH
354,SHALLOW_ABOVE_POCKET,,IN_DEMAND_RISING,POCKET_BELOW,"shallow dip only + in demand, rising (pocket below zone)",WATCH
355,SHALLOW_ABOVE_POCKET,,IN_DEMAND_FALLING,OVERLAP,"shallow dip only + in demand, falling (same price)",AVOID
356,SHALLOW_ABOVE_POCKET,,IN_DEMAND_FALLING,POCKET_BELOW,"shallow dip only + in demand, falling (pocket below zone)",AVOID
357,SHALLOW_ABOVE_POCKET,,NEAR_ABOVE_DEMAND_RISING,OVERLAP,"shallow dip only + just above demand, rising (same price)",WATCH
358,SHALLOW_ABOVE_POCKET,,NEAR_ABOVE_DEMAND_RISING,POCKET_ABOVE,"shallow dip only + just above demand, rising (pocket above zone)",WATCH
359,SHALLOW_ABOVE_POCKET,,NEAR_ABOVE_DEMAND_RISING,POCKET_BELOW,"shallow dip only + just above demand, rising (pocket below zone)",WATCH
360,SHALLOW_ABOVE_POCKET,,NEAR_ABOVE_DEMAND_FALLING,OVERLAP,"shallow dip only + just above demand, falling (same price)",WAIT
361,SHALLOW_ABOVE_POCKET,,NEAR_ABOVE_DEMAND_FALLING,POCKET_ABOVE,"shallow dip only + just above demand, falling (pocket above zone)",WAIT
362,SHALLOW_ABOVE_POCKET,,NEAR_ABOVE_DEMAND_FALLING,POCKET_BELOW,"shallow dip only + just above demand, falling (pocket below zone)",WAIT
363,SHALLOW_ABOVE_POCKET,,FAR_ABOVE_DEMAND,OVERLAP,shallow dip only + far above demand (same price),WAIT
364,SHALLOW_ABOVE_POCKET,,FAR_ABOVE_DEMAND,POCKET_ABOVE,shallow dip only + far above demand (pocket above zone),WAIT
365,SHALLOW_ABOVE_POCKET,,FAR_ABOVE_DEMAND,POCKET_BELOW,shallow dip only + far above demand (pocket below zone),WAIT
366,SHALLOW_ABOVE_POCKET,,RECOVERED_INTO_DEMAND_RISING,OVERLAP,shallow dip only + recovered into demand (same price),WATCH
367,SHALLOW_ABOVE_POCKET,,RECOVERED_INTO_DEMAND_RISING,POCKET_BELOW,shallow dip only + recovered into demand (pocket below zone),WATCH
368,SHALLOW_ABOVE_POCKET,,RECOVERED_ABOVE_DEMAND_RISING,OVERLAP,shallow dip only + recovered above demand (same price),WATCH
369,SHALLOW_ABOVE_POCKET,,RECOVERED_ABOVE_DEMAND_RISING,POCKET_ABOVE,shallow dip only + recovered above demand (pocket above zone),WATCH
370,SHALLOW_ABOVE_POCKET,,RECOVERED_ABOVE_DEMAND_RISING,POCKET_BELOW,shallow dip only + recovered above demand (pocket below zone),WATCH
371,SHALLOW_ABOVE_POCKET,,BROKE_BELOW_DEMAND,POCKET_BELOW,shallow dip only + broke below demand (pocket below zone),AVOID
372,SHALLOW_ABOVE_POCKET,,STACKED_DEMAND_RISING,OVERLAP,"shallow dip only + stacked demand, rising (same price)",WATCH
373,SHALLOW_ABOVE_POCKET,,STACKED_DEMAND_RISING,POCKET_BELOW,"shallow dip only + stacked demand, rising (pocket below zone)",WATCH
374,SHALLOW_ABOVE_POCKET,,IN_SUPPLY,OVERLAP,shallow dip only + in supply (same price),AVOID
375,SHALLOW_ABOVE_POCKET,,IN_SUPPLY,POCKET_BELOW,shallow dip only + in supply (pocket below zone),SKIP
376,SHALLOW_ABOVE_POCKET,,NEAR_BELOW_SUPPLY,POCKET_BELOW,shallow dip only + just below supply (pocket below zone),SKIP
377,SHALLOW_ABOVE_POCKET,,FAR_BELOW_SUPPLY,POCKET_BELOW,shallow dip only + supply far overhead (pocket below zone),SKIP
378,SHALLOW_ABOVE_POCKET,,BROKE_ABOVE_SUPPLY_RISING,OVERLAP,"shallow dip only + broke above supply, rising (same price)",WATCH
379,SHALLOW_ABOVE_POCKET,,BROKE_ABOVE_SUPPLY_RISING,POCKET_ABOVE,"shallow dip only + broke above supply, rising (pocket above zone)",WATCH
380,SHALLOW_ABOVE_POCKET,,BROKE_ABOVE_SUPPLY_RISING,POCKET_BELOW,"shallow dip only + broke above supply, rising (pocket below zone)",WATCH
381,SHALLOW_ABOVE_POCKET,,BROKE_ABOVE_SUPPLY_FALLING,OVERLAP,"shallow dip only + broke above supply, falling (same price)",AVOID
382,SHALLOW_ABOVE_POCKET,,BROKE_ABOVE_SUPPLY_FALLING,POCKET_ABOVE,"shallow dip only + broke above supply, falling (pocket above zone)",AVOID
383,SHALLOW_ABOVE_POCKET,,BROKE_ABOVE_SUPPLY_FALLING,POCKET_BELOW,"shallow dip only + broke above supply, falling (pocket below zone)",AVOID
384,SHALLOW_ABOVE_POCKET,,FAR_ABOVE_SUPPLY,OVERLAP,shallow dip only + far above broken supply (same price),WAIT
385,SHALLOW_ABOVE_POCKET,,FAR_ABOVE_SUPPLY,POCKET_ABOVE,shallow dip only + far above broken supply (pocket above zone),WAIT
386,SHALLOW_ABOVE_POCKET,,FAR_ABOVE_SUPPLY,POCKET_BELOW,shallow dip only + far above broken supply (pocket below zone),WAIT
387,SHALLOW_ABOVE_POCKET,,BETWEEN_ZONES,NO_ZONE,shallow dip only + no zone nearby (no zone),SKIP
388,RECOVERED_ABOVE_POCKET,,IN_DEMAND_RISING,OVERLAP,"recovered above pocket + in demand, rising (same price)",WATCH
389,RECOVERED_ABOVE_POCKET,,IN_DEMAND_RISING,POCKET_BELOW,"recovered above pocket + in demand, rising (pocket below zone)",WATCH
390,RECOVERED_ABOVE_POCKET,,IN_DEMAND_FALLING,OVERLAP,"recovered above pocket + in demand, falling (same price)",AVOID
391,RECOVERED_ABOVE_POCKET,,IN_DEMAND_FALLING,POCKET_BELOW,"recovered above pocket + in demand, falling (pocket below zone)",AVOID
392,RECOVERED_ABOVE_POCKET,,NEAR_ABOVE_DEMAND_RISING,OVERLAP,"recovered above pocket + just above demand, rising (same price)",WATCH
393,RECOVERED_ABOVE_POCKET,,NEAR_ABOVE_DEMAND_RISING,POCKET_ABOVE,"recovered above pocket + just above demand, rising (pocket above zone)",WATCH
394,RECOVERED_ABOVE_POCKET,,NEAR_ABOVE_DEMAND_RISING,POCKET_BELOW,"recovered above pocket + just above demand, rising (pocket below zone)",WATCH
395,RECOVERED_ABOVE_POCKET,,NEAR_ABOVE_DEMAND_FALLING,OVERLAP,"recovered above pocket + just above demand, falling (same price)",WAIT
396,RECOVERED_ABOVE_POCKET,,NEAR_ABOVE_DEMAND_FALLING,POCKET_ABOVE,"recovered above pocket + just above demand, falling (pocket above zone)",WAIT
397,RECOVERED_ABOVE_POCKET,,NEAR_ABOVE_DEMAND_FALLING,POCKET_BELOW,"recovered above pocket + just above demand, falling (pocket below zone)",WAIT
398,RECOVERED_ABOVE_POCKET,,FAR_ABOVE_DEMAND,OVERLAP,recovered above pocket + far above demand (same price),WAIT
399,RECOVERED_ABOVE_POCKET,,FAR_ABOVE_DEMAND,POCKET_ABOVE,recovered above pocket + far above demand (pocket above zone),WAIT
400,RECOVERED_ABOVE_POCKET,,FAR_ABOVE_DEMAND,POCKET_BELOW,recovered above pocket + far above demand (pocket below zone),WAIT
401,RECOVERED_ABOVE_POCKET,,RECOVERED_INTO_DEMAND_RISING,OVERLAP,recovered above pocket + recovered into demand (same price),WATCH
402,RECOVERED_ABOVE_POCKET,,RECOVERED_INTO_DEMAND_RISING,POCKET_BELOW,recovered above pocket + recovered into demand (pocket below zone),WATCH
403,RECOVERED_ABOVE_POCKET,,RECOVERED_ABOVE_DEMAND_RISING,OVERLAP,recovered above pocket + recovered above demand (same price),WATCH
404,RECOVERED_ABOVE_POCKET,,RECOVERED_ABOVE_DEMAND_RISING,POCKET_ABOVE,recovered above pocket + recovered above demand (pocket above zone),WATCH
405,RECOVERED_ABOVE_POCKET,,RECOVERED_ABOVE_DEMAND_RISING,POCKET_BELOW,recovered above pocket + recovered above demand (pocket below zone),WATCH
406,RECOVERED_ABOVE_POCKET,,BROKE_BELOW_DEMAND,POCKET_BELOW,recovered above pocket + broke below demand (pocket below zone),AVOID
407,RECOVERED_ABOVE_POCKET,,STACKED_DEMAND_RISING,OVERLAP,"recovered above pocket + stacked demand, rising (same price)",WATCH
408,RECOVERED_ABOVE_POCKET,,STACKED_DEMAND_RISING,POCKET_BELOW,"recovered above pocket + stacked demand, rising (pocket below zone)",WATCH
409,RECOVERED_ABOVE_POCKET,,IN_SUPPLY,OVERLAP,recovered above pocket + in supply (same price),AVOID
410,RECOVERED_ABOVE_POCKET,,IN_SUPPLY,POCKET_BELOW,recovered above pocket + in supply (pocket below zone),SKIP
411,RECOVERED_ABOVE_POCKET,,NEAR_BELOW_SUPPLY,POCKET_BELOW,recovered above pocket + just below supply (pocket below zone),SKIP
412,RECOVERED_ABOVE_POCKET,,FAR_BELOW_SUPPLY,POCKET_BELOW,recovered above pocket + supply far overhead (pocket below zone),SKIP
413,RECOVERED_ABOVE_POCKET,,BROKE_ABOVE_SUPPLY_RISING,OVERLAP,"recovered above pocket + broke above supply, rising (same price)",WATCH
414,RECOVERED_ABOVE_POCKET,,BROKE_ABOVE_SUPPLY_RISING,POCKET_ABOVE,"recovered above pocket + broke above supply, rising (pocket above zone)",WATCH
415,RECOVERED_ABOVE_POCKET,,BROKE_ABOVE_SUPPLY_RISING,POCKET_BELOW,"recovered above pocket + broke above supply, rising (pocket below zone)",WATCH
416,RECOVERED_ABOVE_POCKET,,BROKE_ABOVE_SUPPLY_FALLING,OVERLAP,"recovered above pocket + broke above supply, falling (same price)",AVOID
417,RECOVERED_ABOVE_POCKET,,BROKE_ABOVE_SUPPLY_FALLING,POCKET_ABOVE,"recovered above pocket + broke above supply, falling (pocket above zone)",AVOID
418,RECOVERED_ABOVE_POCKET,,BROKE_ABOVE_SUPPLY_FALLING,POCKET_BELOW,"recovered above pocket + broke above supply, falling (pocket below zone)",AVOID
419,RECOVERED_ABOVE_POCKET,,FAR_ABOVE_SUPPLY,OVERLAP,recovered above pocket + far above broken supply (same price),WAIT
420,RECOVERED_ABOVE_POCKET,,FAR_ABOVE_SUPPLY,POCKET_ABOVE,recovered above pocket + far above broken supply (pocket above zone),WAIT
421,RECOVERED_ABOVE_POCKET,,FAR_ABOVE_SUPPLY,POCKET_BELOW,recovered above pocket + far above broken supply (pocket below zone),WAIT
422,RECOVERED_ABOVE_POCKET,,BETWEEN_ZONES,NO_ZONE,recovered above pocket + no zone nearby (no zone),SKIP